A.1. biomass,,,"1,632,508 ","1,754,849 ","1,668,057 ","1,834,527 ","2,094,881 ","2,196,419 ","1,841,593 ","1,518,580 ","1,600,730 ","1,624,698 ","1,548,275 ","1,658,925 ","1,896,308 ","1,978,339 ","2,039,916 ","2,020,114 ","2,418,610 ","2,647,411 ","2,721,432 ","2,512,153 ","2,475,757 ","1,782,281 ","1,828,096 ","2,559,688 ","2,703,538 ","2,667,241 ","2,611,893 ","2,730,666 ","2,489,055 ","2,505,990 ","2,052,755 ","2,558,541 ","2,696,610 ","2,549,410 ","2,576,541 ","3,049,610 ","3,197,346 ","2,681,913 ","2,724,982 ","2,931,602 ","2,938,093 ","3,051,311 ","2,927,835 ","2,638,946 ","2,588,544 ","2,267,215 ","2,352,480 ","2,236,582 "
A.1.1. primary crops,,,"13,689 ","10,718 ","9,718 ","9,302 ","13,434 ","4,464 ","7,481 ","6,454 ","5,338 ","6,229 ","12,406 ","9,409 ","6,910 ","14,311 ","7,213 ","7,986 ","9,485 ","15,680 ","7,696 ","17,714 ","12,650 ","16,370 ","6,630 ","22,341 ","15,066 ","19,493 ","21,103 ","12,871 ","10,557 ","11,093 ","17,643 ","13,496 ","11,983 ","14,828 ","10,659 ","15,419 ","12,207 ","15,634 ","12,890 ","14,128 ","15,908 ","12,170 ","11,825 ","16,532 ","18,519 ","19,314 ","18,526 ","18,419 "
A.1.1.1. Cereals ,,,,,,,,,,,,,,,,,,,,,,,,,,,,,,,,,,,,,,,,,,,,,,,,,,
"A.1.1.2. Roots, tubers",,,"13,000 ","10,000 ","9,000 ","8,500 ","12,500 ","3,494 ","6,521 ","5,604 ","4,465 ","5,406 ","11,407 ","8,554 ","6,030 ","13,418 ","6,305 ","6,918 ","8,296 ","14,284 ","6,360 ","16,243 ","11,218 ","14,943 ","5,366 ","20,804 ","13,316 ","17,603 ","19,177 ","10,960 ","8,544 ","9,308 ","15,774 ","11,586 ","9,579 ","12,154 ","7,652 ","12,115 ","8,971 ","12,181 ","9,536 ","10,638 ","12,096 ","8,800 ","8,049 ","12,666 ","14,550 ","15,040 ","13,860 ","13,372 "
A.1.1.3. Sugar crops ,,,,,,,,,,,,,,,,,,,,,,,,,,,,,,,,,,,,,,,,,,,,,,,,,,
A.1.1.4. Pulses,,,,,,,,,,,,,,,,,,,,,,,,,,,,,,,,,,,,,,,,,,,,,,,,,,
A.1.1.5. Nuts ,,,,,,,,,,,,,,,,,,,,,,,,,,,,,,,,,,,,,,,,,,,,,,,,,,
A.1.1.6. Oil bearing crops ,,,,,,,,,,,,,,,,,,,,,,,,,,,,,,,,,,,,,,,,,,,,,,,,,,
A.1.1.7. Vegetables ,,,681 ,710 ,710 ,792 ,922 ,957 ,947 ,837 ,860 ,810 ,986 ,842 ,867 ,880 ,902 ,"1,056 ","1,177 ","1,384 ","1,326 ","1,461 ","1,422 ","1,417 ","1,254 ","1,525 ","1,740 ","1,802 ","1,791 ","1,787 ","1,866 ","1,655 ","1,725 ","1,760 ","2,249 ","2,428 ","2,798 ","3,095 ","3,029 ","3,242 ","3,159 ","3,270 ","3,599 ","3,350 ","3,677 ","3,749 ","3,823 ","4,124 ","4,499 ","4,857 "
A.1.1.8. Fruits ,,,8 ,8 ,8 ,10 ,12 ,13 ,13 ,13 ,13 ,13 ,13 ,13 ,13 ,13 ,6 ,12 ,12 ,12 ,10 ,10 ,10 ,10 ,10 ,12 ,10 ,10 ,10 ,10 ,10 ,10 ,10 ,10 ,15 ,15 ,15 ,15 ,15 ,15 ,16 ,17 ,18 ,20 ,20 ,20 ,20 ,20 ,20 ,20 
A.1.1.9. Fibres ,,,,,,,,,,,,,,,,,,,,,,,,,,,,,,,,,,,,,,,,,,,,,,,,,,
"A.1.1.10. Other crops (Spices. Stimulant crops, Tobacco, Rubber and other crops) ",,,,,,,,,,,,,,,,,,,,,,,,,,,,78 ,125 ,114 ,137 ,120 ,134 ,140 ,140 ,231 ,194 ,194 ,192 ,196 ,179 ,203 ,195 ,0 ,79 ,97 ,126 ,130 ,147 ,170 
A.1.2. Crop residues (used),,,0 ,0 ,0 ,0 ,0 ,0 ,0 ,0 ,0 ,0 ,0 ,0 ,0 ,0 ,0 ,0 ,0 ,0 ,0 ,0 ,0 ,0 ,0 ,0 ,0 ,0 ,0 ,0 ,0 ,0 ,0 ,0 ,0 ,0 ,0 ,0 ,0 ,0 ,0 ,0 ,0 ,0 ,0 ,0 ,0 ,,,
A.1.2.1. Straw,,,,,,,,,,,,,,,,,,,,,,,,,,,,,,,,,,,,,,,,,,,,,,,,,,
"A.1.2.2. Other crop residues (sugar and fodder beet leaves, other)",,,,,,,,,,,,,,,,,,,,,,,,,,,,,,,,,,,,,,,,,,,,,,,,,,
"A.1.3. Roughage, Foddercrops and Grazed Biomass",,,"900,444 ","909,351 ","873,493 ","848,644 ","881,217 ","949,216 ","934,538 ","910,522 ","903,791 ","882,322 ","848,463 ","920,557 ","984,850 ","1,016,587 ","1,035,121 ","1,023,256 ","1,031,949 ","1,062,181 ","1,065,679 ","976,795 ","1,018,643 ","974,517 ","979,623 ","999,990 ","1,005,648 ","987,104 ","956,459 ","958,883 ","975,460 ","987,183 ","985,218 ","967,805 ","966,419 ","975,250 ","950,185 ","970,813 ","976,253 ","981,373 ","972,958 ","932,135 ","935,839 ","901,690 ","926,696 ","885,530 ","902,315 ","917,936 ","931,810 ","931,810 "
A.1.5. Wood,,,0 ,0 ,0 ,0 ,0 ,0 ,0 ,0 ,0 ,0 ,0 ,0 ,0 ,0 ,0 ,0 ,0 ,0 ,0 ,0 ,0 ,0 ,0 ,0 ,0 ,0 ,0 ,0 ,0 ,0 ,0 ,0 ,0 ,0 ,0 ,0 ,0 ,0 ,0 ,0 ,0 ,0 ,0 ,0 ,0 ,,,
A.1.5.1. Timber (Industrial roundwood),,,,,,,,,,,,,,,,,,,,,,,,,,,,,,,,,,,,,,,,,,,,,,,,,,
A.1.5.2. Wood fuel and other extraction ,,,,,,,,,,,,,,,,,,,,,,,,,,,,,,,,,,,,,,,,,,,,,,,,,,
"A.1.6. Fish capture, crustaceans, molluscs and aquatic invertebrates",,,"718,375 ","834,780 ","784,846 ","976,581 ","1,200,230 ","1,242,739 ","899,574 ","601,604 ","691,601 ","736,147 ","687,406 ","728,959 ","904,548 ","947,440 ","997,582 ","988,872 ","1,377,176 ","1,569,550 ","1,648,057 ","1,517,643 ","1,444,465 ","791,393 ","841,844 ","1,537,357 ","1,682,823 ","1,660,645 ","1,634,331 ","1,758,912 ","1,503,038 ","1,507,713 ","1,049,894 ","1,577,240 ","1,718,207 ","1,559,332 ","1,614,937 ","2,062,523 ","2,208,087 ","1,684,119 ","1,738,398 ","1,984,638 ","1,985,671 ","2,136,797 ","1,988,702 ","1,736,249 ","1,667,105 ","1,329,321 ","1,401,395 ","1,286,352 "
A.1.7. Hunting and gathering,,,,,,,,,,,,,,,,,,,,,,,,,,,,,,,,,,,,,760 ,855 ,799 ,788 ,735 ,700 ,676 ,654 ,611 ,634 ,605 ,644 ,749 ,
A.2. Metal ores (gross ores),,,0 ,0 ,0 ,0 ,0 ,0 ,0 ,0 ,0 ,0 ,0 ,0 ,0 ,0 ,0 ,0 ,0 ,0 ,0 ,0 ,0 ,0 ,0 ,0 ,0 ,0 ,0 ,0 ,0 ,0 ,0 ,0 ,0 ,0 ,0 ,0 ,0 ,0 ,0 ,0 ,0 ,0 ,0 ,0 ,0 ,0 ,0 ,0 
A.2.1. Iron ores,,,,,,,,,,,,,,,,,,,,,,,,,,,,,,,,,,,,,,,,,,,,,,,,,,
A.2.2. Non-ferrous metal ores,,,0 ,0 ,0 ,0 ,0 ,0 ,0 ,0 ,0 ,0 ,0 ,0 ,0 ,0 ,0 ,0 ,0 ,0 ,0 ,0 ,0 ,0 ,0 ,0 ,0 ,0 ,0 ,0 ,0 ,0 ,0 ,0 ,0 ,0 ,0 ,0 ,0 ,0 ,0 ,0 ,0 ,0 ,0 ,0 ,0 ,0 ,0 ,0 
A.2.2.1. Copper ores,,,,,,,,,,,,,,,,,,,,,,,,,,,,,,,,,,,,,,,,,,,,,,,,,,
A.2.2.2. Nickel ores,,,,,,,,,,,,,,,,,,,,,,,,,,,,,,,,,,,,,,,,,,,,,,,,,,
A.2.2.3. Lead ores,,,,,,,,,,,,,,,,,,,,,,,,,,,,,,,,,,,,,,,,,,,,,,,,,,
A.2.2.4. Zinc ores,,,,,,,,,,,,,,,,,,,,,,,,,,,,,,,,,,,,,,,,,,,,,,,,,,
A.2.2.5. Tin ores,,,,,,,,,,,,,,,,,,,,,,,,,,,,,,,,,,,,,,,,,,,,,,,,,,
"A.2.2.6. Gold, silver, platinum and other precious metal ores",,,,,,,,,,,,,,,,,,,,,,,,,,,,,,,,,,,,,,,,,,,,,,,,,,
A.2.2.7. Bauxite and other aluminium ores,,,,,,,,,,,,,,,,,,,,,,,,,,,,,,,,,,,,,,,,,,,,,,,,,,
A.2.2.8. Uranium and thorium ores,,,,,,,,,,,,,,,,,,,,,,,,,,,,,,,,,,,,,,,,,,,,,,,,,,
A.2.2.9. Other metal ores,,,,,,,,,,,,,,,,,,,,,,,,,,,,,,,,,,,,,,,,,,,,,,,,,,
A.3. Non metalic minerals,,,"378,000 ","504,000 ","769,000 ","796,000 ","850,000 ","912,000 ","1,334,900 ","1,423,736 ","1,277,450 ","1,149,348 ","1,286,470 ","1,533,871 ","1,879,317 ","1,905,987 ","2,194,900 ","1,652,322 ","1,715,199 ","1,587,918 ","1,700,142 ","1,640,856 ","1,603,371 ","1,674,954 ","1,481,481 ","1,533,875 ","1,591,607 ","1,683,578 ","1,722,195 ","1,766,440 ","1,567,953 ","1,614,919 ","1,507,261 ","1,449,177 ","1,416,889 ","1,398,663 ","1,445,286 ","1,490,686 ","1,556,872 ","1,850,355 ","1,821,329 ","1,977,502 ","1,900,507 ","1,530,454 ","1,456,488 ","1,726,375 ","2,149,133 ","2,198,835 ","2,229,818 ","2,185,842 "
A.3.1. Ornamental or building stone,,,,,,,,,"252,000 ","273,000 ","252,000 ","230,688 ","192,240 ","203,454 ","190,638 ","190,638 ","176,220 ","179,744 ","192,240 ","188,716 ","298,292 ","182,468 ","190,638 ","200,731 ","209,061 ","190,638 ","169,011 ","214,668 ","192,881 ","219,955 ","194,002 ","177,902 ","169,892 ","137,665 ","130,589 ","131,044 ","136,092 ","133,286 ","133,286 ","129,762 ","129,762 ","129,762 ","129,922 ","130,082 ","130,082 ","130,243 ","130,243 ","122,072 ","122,072 ","113,742 "
"A.3.2. Limestone, gypsum, chalk, and dolomite",,,,,,,,,"84,000 ","86,400 ","108,000 ","142,800 ","129,600 ","132,000 ","134,400 ","138,000 ","147,600 ","122,400 ","103,200 ","129,600 ","156,000 ","162,000 ","184,800 ","196,800 ","172,800 ","166,800 ","159,600 ","152,400 ","157,200 ","138,000 ","153,600 ","144,000 ","136,800 ","140,400 ","138,000 ","152,400 ","160,800 ","139,200 ","136,800 ","127,200 ","120,000 ","104,400 ","97,200 ","98,400 ","109,200 ","121,200 ","141,600 ","153,600 ","160,800 ","153,600 "
A.3.3. Slate,,,,,,,,,,,,,,,,,,,,,,,,,,,,,,,,,,,,,,,,,,,,,,,,,,
A.3.4. Gravel and sand,,,"378,000 ","504,000 ","769,000 ","796,000 ","850,000 ","912,000 ","975,000 ","1,040,000 ","885,000 ","729,000 ","897,000 ","1,134,000 ","1,483,000 ","1,511,000 ","1,822,000 ","1,296,000 ","1,355,000 ","1,213,000 ","1,172,000 ","1,214,000 ","1,120,000 ","1,185,000 ","980,000 ","1,045,000 ","1,120,000 ","1,185,000 ","1,229,000 ","1,252,000 ","1,072,000 ","1,178,000 ","1,082,000 ","1,060,000 ","1,029,000 ","1,007,000 ","1,034,000 ","1,117,000 ","1,107,000 ","1,426,000 ","1,396,000 ","1,538,000 ","1,536,000 ","1,195,000 ","1,115,000 ","1,380,000 ","1,744,000 ","1,807,000 ","1,800,000 ","1,800,000 "
A.3.5. Clays and kaolin,,,,,,,,,,,,,,,,,,,,,,,,,,,,,,,,,,,,,,,,,,,,,,,,,,
A.3.6. Chemical and fertilizer minerals ,,,,,,,,,"23,900 ","24,336 ","24,850 ","22,621 ","24,230 ","27,500 ","30,000 ","35,270 ","25,184 ","29,866 ","36,088 ","28,000 ","28,000 ","28,000 ","28,000 ","28,000 ","28,000 ","28,000 ","30,128 ","31,920 ","36,156 ","35,248 ","37,928 ","33,160 ","35,680 ","34,840 ","34,800 ","35,864 ","35,200 ","29,600 ","29,600 ","23,600 ","26,000 ","26,000 ","13,200 ",,,,,,,
A.3.7. Salt,,,,,,,,,,,,,,,,,,,,,,53 ,50 ,100 ,500 ,950 ,"1,350 ",704 ,"1,830 ","2,000 ","2,500 ","2,500 ","3,000 ","4,210 ","4,500 ","4,500 ","4,000 ","4,000 ","4,000 ","4,000 ","4,000 ","4,000 ","4,500 ","4,500 ","4,500 ","4,600 ","4,600 ","4,500 ","4,500 ","4,500 "
A.3.8. Other mining and quarrying products n.e.c.,,,,,,,,,,,"7,600 ","24,239 ","43,400 ","36,917 ","41,279 ","31,079 ","23,896 ","24,312 ","28,671 ","28,602 ","45,850 ","54,335 ","79,883 ","64,323 ","91,120 ","102,487 ","111,518 ","98,886 ","105,128 ","119,237 ","107,923 ","79,357 ","79,889 ","72,062 ","80,000 ","67,855 ","75,194 ","67,600 ","146,186 ","139,793 ","145,567 ","175,340 ","119,685 ","102,472 ","97,706 ","90,332 ","128,690 ","111,663 ","142,446 ","114,000 "
"A.3.9. Excavated soil, only if used (e.g. for construction work)",,,,,,,,,,,,,,,,,,,,,,,,,,,,,,,,,,,,,,,,,,,,,,,,,,
A.4. Fossil energy carriers,,,0 ,0 ,0 ,0 ,0 ,0 ,0 ,0 ,0 ,0 ,0 ,0 ,0 ,0 ,0 ,0 ,0 ,0 ,0 ,0 ,0 ,0 ,0 ,0 ,0 ,0 ,0 ,0 ,0 ,0 ,0 ,0 ,0 ,0 ,0 ,0 ,0 ,0 ,0 ,0 ,0 ,0 ,0 ,0 ,0 ,0 ,0 ,0 
A.4.1. Brown coal incl. oil shale and tar sands,,,,,,,,,,,,,,,,,,,,,,,,,,,,,,,,,,,,,,,,,,,,,,,,,,
A.4.2. Hard coal,,,,,,,,,,,,,,,,,,,,,,,,,,,,,,,,,,,,,,,,,,,,,,,,,,
A.4.3. Petroleum,,,,,,,,,,,,,,,,,,,,,,,,,,,,,,,,,,,,,,,,,,,,,,,,,,
A.4.4. Natural gas,,,,,,,,,,,,,,,,,,,,,,,,,,,,,,,,,,,,,,,,,,,,,,,,,,
A.4.5. Peat,,,,,,,,,,,,,,,,,,,,,,,,,,,,,,,,,,,,,,,,,,,,,,,,,,
B.1. Biomass and biomass products,,,," 120,797 "," 129,086 "," 130,130 "," 134,032 "," 136,146 "," 154,464 "," 146,485 "," 133,900 "," 164,627 "," 158,064 "," 167,434 "," 189,518 "," 186,433 "," 156,620 "," 180,894 "," 192,567 "," 199,259 "," 211,984 "," 205,482 "," 203,441 "," 214,771 "," 210,915 "," 208,514 "," 200,699 "," 193,131 "," 218,052 "," 219,205 "," 237,384 "," 227,729 "," 223,100 "," 211,307 "," 215,226 "," 213,187 "," 233,275 "," 234,966 "," 282,802 "," 480,191 "," 382,723 "," 421,878 "," 426,084 "," 427,051 "," 516,394 "," 509,811 "," 539,368 "," 481,988 "," 501,202 "," 449,730 "
B.1.1. primary crops,,,," 56,426 "," 53,547 "," 59,092 "," 64,836 "," 62,235 "," 65,697 "," 69,138 "," 65,794 "," 70,154 "," 65,360 "," 61,657 "," 69,472 "," 71,109 "," 64,964 "," 79,257 "," 79,716 "," 79,244 "," 83,822 "," 74,526 "," 70,013 "," 69,468 "," 76,243 "," 80,462 "," 71,184 "," 77,542 "," 86,172 "," 88,586 "," 93,727 "," 91,151 "," 94,058 "," 92,037 "," 92,559 "," 105,478 "," 110,635 "," 108,665 "," 118,345 "," 122,334 "," 121,237 "," 126,818 "," 133,613 "," 135,543 "," 146,531 "," 141,247 "," 154,351 "," 157,620 "," 177,521 "," 163,363 "
"B.1.1.1. Cereals, primary and processed",,,," 33,575 "," 31,352 "," 32,872 "," 36,181 "," 35,424 "," 34,904 "," 39,871 "," 37,746 "," 41,535 "," 37,727 "," 34,110 "," 38,771 "," 39,427 "," 36,151 "," 45,050 "," 47,549 "," 46,010 "," 51,350 "," 38,959 "," 37,352 "," 35,011 "," 40,267 "," 41,436 "," 37,658 "," 40,644 "," 47,625 "," 48,520 "," 51,130 "," 50,192 "," 51,210 "," 47,782 "," 45,530 "," 56,747 "," 65,336 "," 61,247 "," 70,364 "," 71,342 "," 71,807 "," 74,656 "," 80,499 "," 80,894 "," 89,311 "," 83,108 "," 91,744 "," 90,326 "," 104,468 "," 92,736 "
"B.1.1.2. Roots and tubers, primary and processed",,,, -   , -   , -   , -   , -   , -   , -   , -   , -   , -   , -   , -   , -   , -   , -   , -   , -   , -   , -   , -   , -   , -   , -   , -   , -   , -   , -   , -   , -   , -   , -   , -   , -   , -   , -   , -   , -   , -   , -   , -   , -   , -   , -   , -   , -   , -   , -   
"B.1.1.3. Sugar crops, primary and processed",,,," 10,506 "," 8,096 "," 10,745 "," 11,390 "," 10,815 "," 10,871 "," 12,192 "," 10,309 "," 10,705 "," 10,104 "," 10,646 "," 10,036 "," 10,889 "," 9,024 "," 11,142 "," 11,302 "," 11,397 "," 12,057 "," 11,230 "," 11,909 "," 11,052 "," 11,692 "," 12,063 "," 12,519 "," 13,425 "," 12,916 "," 13,052 "," 12,785 "," 12,866 "," 13,500 "," 13,919 "," 12,694 "," 14,154 "," 13,275 "," 14,050 "," 13,779 "," 13,974 "," 13,561 "," 13,948 "," 13,157 "," 13,701 "," 13,463 "," 13,265 "," 13,342 "," 12,047 "," 13,982 "," 13,533 "
"B.1.1.4. Pulses, primary and processed",,,, -   , -   , -   , -   , -   , -   , -   , -   , -   , -   , -   , -   , -   , -   , -   , -   , -   , -   , -   , -   , -   , -   , -   , -   , -   , -   , -   , -   , -   , -   , -   , -   , -   , -   , -   , -   , -   , -   , -   , -   , -   , -   , -   , -   , -   , -   , -   
"B.1.1.5. Nuts, primary and processed",,,, -   , -   , -   , -   , -   , -   , -   , -   , -   , -   , -   , -   , -   , -   , -   , -   , -   , -   , -   , -   , -   , -   , -   , -   , -   , -   , -   , -   , -   , -   , -   , -   , -   , -   , -   , -   , -   , -   , -   , -   , -   , -   , -   , -   , -   , -   , -   
"B.1.1.6. Oil bearing crops, primary and processed",,,, 63 , 146 , 82 , 126 , 112 , 82 , 99 , 77 , 85 , 99 , 98 , 100 , 115 , 107 , 118 , 146 , 157 , 177 , 166 , 206 , 224 , 236 , 257 , 327 , 357 , 360 , 533 , 457 , 405 , 413 , 456 , 397 , 435 , 420 , 565 , 948 ," 1,541 ", 965 ," 1,412 "," 1,957 "," 2,558 "," 3,285 "," 1,147 "," 1,624 "," 2,226 "," 1,789 "," 2,403 "
"B.1.1.7. Vegetables, primary and processed",,,," 2,115 "," 3,797 "," 4,417 "," 6,175 "," 4,360 "," 8,265 "," 5,446 "," 6,766 "," 6,694 "," 6,093 "," 4,054 "," 7,310 "," 7,878 "," 6,542 "," 8,755 "," 6,383 "," 7,505 "," 5,218 "," 9,096 "," 5,005 "," 7,408 "," 9,238 "," 11,127 "," 5,083 "," 7,012 "," 6,256 "," 6,589 "," 9,755 "," 9,767 "," 8,116 "," 9,232 "," 12,454 "," 12,808 "," 10,146 "," 11,506 "," 11,277 "," 12,961 "," 12,689 "," 13,354 "," 13,509 "," 13,266 "," 15,109 "," 15,857 "," 17,285 "," 19,391 "," 20,433 "," 19,942 "
"B.1.1.8. Fruits, primary and processed",,,," 6,247 "," 6,661 "," 7,444 "," 7,505 "," 8,186 "," 8,023 "," 8,158 "," 7,310 "," 7,866 "," 8,068 "," 9,036 "," 9,454 "," 9,171 "," 9,219 "," 10,587 "," 10,960 "," 10,678 "," 10,843 "," 10,499 "," 11,206 "," 11,260 "," 10,631 "," 11,009 "," 10,525 "," 11,619 "," 14,018 "," 15,131 "," 15,046 "," 13,464 "," 16,008 "," 15,805 "," 16,807 "," 16,800 "," 16,821 "," 16,513 "," 17,114 "," 17,306 "," 17,274 "," 18,264 "," 19,572 "," 19,935 "," 20,218 "," 22,476 "," 24,636 "," 27,799 "," 30,655 "," 29,019 "
"B.1.1.9. Fibres, primary and processed",,,, 950 , 928 , 911 , 486 , 191 , 187 , 173 , 172 , 181 , 205 , 205 , 228 , 233 , 187 , 176 , 199 , 181 , 161 , 168 , 160 , 147 , 124 , 114 , 111 , 117 , 107 , 81 , 71 , 80 , 70 , 65 , 56 , 49 , 47 , 57 , 40 , 58 , 35 , 52 , 41 , 49 , 29 , 39 , 31 , 214 , 295 , 136 
"B.1.1.10. Other crops (Spices. Stimulant crops, Tobacco, Rubber and other crops), primary and processed",,,," 2,970 "," 2,567 "," 2,621 "," 2,973 "," 3,147 "," 3,365 "," 3,199 "," 3,414 "," 3,088 "," 3,064 "," 3,508 "," 3,573 "," 3,396 "," 3,734 "," 3,429 "," 3,177 "," 3,316 "," 4,016 "," 4,408 "," 4,175 "," 4,366 "," 4,055 "," 4,456 "," 4,961 "," 4,368 "," 4,890 "," 4,680 "," 4,483 "," 4,377 "," 4,741 "," 4,778 "," 4,621 "," 4,485 "," 4,590 "," 4,727 "," 4,823 "," 5,152 "," 4,906 "," 5,132 "," 4,878 "," 5,140 "," 5,116 "," 5,355 "," 5,689 "," 5,617 "," 5,899 "," 5,594 "
B.1.2. Crop residues ,,,, -   , -   , -   , -   , -   , -   , -   , -   , -   , -   , -   , -   , -   , -   , -   , -   , -   , -   , -   , -   , -   , -   , -   , -   , -   , -   , -   , -   , -   , -   , -   , -   , -   , -   , -   , -   , -   , -   , -   , -   , -   , -   , -   , -   , -   , -   , -   
B.1.2.1. n.a.,,,,,,,,,,,,,,,,,,,,,,,,,,,,,,,,,,,,,,,,,,,,,,,,,,
"B.1.2.2. Other crop residues (sugar and fodder beet leaves, other)",,,,,,,,,,,,,,,,,,,,,,,,,,,,,,,,,,,,,,,,,,,,,,,,,,
B.1.3. Fodder crops incl. grassland harvest,,,," 11,940 "," 10,344 "," 13,269 "," 12,868 "," 11,684 "," 29,085 "," 31,428 "," 31,024 "," 46,869 "," 37,443 "," 41,434 "," 43,232 "," 34,252 "," 34,733 "," 38,540 "," 38,090 "," 42,543 "," 49,209 "," 37,886 "," 38,350 "," 47,755 "," 47,997 "," 40,031 "," 37,952 "," 31,799 "," 24,427 "," 19,521 "," 20,683 "," 18,913 "," 16,770 "," 13,479 "," 14,229 "," 9,019 "," 7,614 "," 7,883 "," 9,690 "," 10,749 "," 12,387 "," 15,747 "," 16,005 "," 16,406 "," 18,930 "," 19,355 "," 20,123 "," 23,504 "," 26,672 "," 26,366 "
B.1.3.1. Fodder crops,,,," 11,940 "," 10,344 "," 13,269 "," 12,868 "," 11,684 "," 29,085 "," 31,428 "," 31,024 "," 46,869 "," 37,443 "," 41,434 "," 43,232 "," 34,252 "," 34,733 "," 38,540 "," 38,090 "," 42,543 "," 49,209 "," 37,886 "," 38,350 "," 47,755 "," 47,997 "," 40,031 "," 37,952 "," 31,799 "," 24,427 "," 19,521 "," 20,683 "," 18,913 "," 16,770 "," 13,479 "," 14,229 "," 9,019 "," 7,614 "," 7,883 "," 9,690 "," 10,749 "," 12,387 "," 15,747 "," 16,005 "," 16,406 "," 18,930 "," 19,355 "," 20,123 "," 23,504 "," 26,672 "," 26,366 "
B.1.3.2. Biomass harvested from grassland,,,,,,,,,,,,,,,,,,,,,,,,,,,,,,,,,,,,,,,,,,,,,,,,,,
B.1.5. Wood primary and processed,,,," 48,183 "," 60,576 "," 53,237 "," 51,740 "," 57,479 "," 54,595 "," 41,629 "," 32,243 "," 42,051 "," 49,877 "," 56,909 "," 68,991 "," 70,122 "," 47,642 "," 56,047 "," 66,847 "," 68,030 "," 69,586 "," 82,535 "," 82,674 "," 83,916 "," 73,140 "," 71,687 "," 72,576 "," 68,384 "," 87,879 "," 91,931 "," 97,422 "," 87,166 "," 83,225 "," 77,791 "," 72,655 "," 60,654 "," 69,096 "," 70,827 "," 78,081 "," 78,547 "," 85,141 "," 93,220 "," 82,250 "," 76,147 "," 91,964 "," 105,163 "," 135,771 "," 130,323 "," 142,311 "," 96,093 "
"B.1.5.1. Timber, primary and processed",,,," 31,457 "," 43,082 "," 37,625 "," 37,949 "," 38,985 "," 37,515 "," 26,056 "," 22,723 "," 30,591 "," 38,692 "," 43,665 "," 49,718 "," 51,898 "," 32,453 "," 38,498 "," 44,557 "," 44,005 "," 44,118 "," 56,096 "," 53,824 "," 51,357 "," 42,752 "," 40,314 "," 40,360 "," 34,725 "," 51,095 "," 48,197 "," 40,215 "," 38,780 "," 38,598 "," 45,776 "," 49,287 "," 38,731 "," 46,297 "," 46,401 "," 46,122 "," 44,995 "," 51,054 "," 55,070 "," 45,727 "," 44,666 "," 51,565 "," 58,891 "," 68,137 "," 62,286 "," 69,787 "," 45,685 "
"B.1.5.2. Wood fuel and other extraction, primary and processed",,,," 16,726 "," 17,494 "," 15,613 "," 13,791 "," 18,494 "," 17,081 "," 15,573 "," 9,521 "," 11,459 "," 11,185 "," 13,244 "," 19,273 "," 18,224 "," 15,189 "," 17,549 "," 22,290 "," 24,025 "," 25,468 "," 26,439 "," 28,850 "," 32,560 "," 30,388 "," 31,372 "," 32,215 "," 33,659 "," 36,784 "," 43,734 "," 57,206 "," 48,386 "," 44,628 "," 32,015 "," 23,368 "," 21,923 "," 22,798 "," 24,427 "," 31,959 "," 33,552 "," 34,088 "," 38,150 "," 36,523 "," 31,481 "," 40,400 "," 46,272 "," 67,634 "," 68,037 "," 72,524 "," 50,408 "
"B.1.6. Fish capture, crustaceans, molluscs and aquatic invertebrates primary and processed",,,, 434 , 629 , 224 , 52 , 24 , 210 , 28 , 337 , 67 , 219 ," 1,277 "," 1,699 "," 4,381 "," 2,783 ", 217 , 89 , 675 , 335 , 202 , 247 ," 1,338 "," 1,319 "," 3,239 "," 4,403 ", 826 ," 1,526 "," 4,237 "," 8,775 "," 12,647 "," 10,606 "," 10,267 "," 19,644 "," 21,707 "," 27,567 "," 27,415 "," 54,884 "," 245,410 "," 138,545 "," 161,740 "," 169,938 "," 175,533 "," 234,425 "," 217,799 "," 200,943 "," 140,909 "," 122,608 "," 131,759 "
B.1.7. n.a.,,,, -   , -   , -   , -   , -   , -   , -   , -   , -   , -   , -   , -   , -   , -   , -   , -   , -   , -   , -   , -   , -   , -   , -   , -   , -   , -   , -   , -   , -   , -   , -   , -   , -   , -   , -   , -   , -   , -   , -   , -   , -   , -   , -   , -   , -   , -   , -   
"B.1.8. Live animals other than in B 1.6., meat and meat products",,,, 500 , 875 ," 1,041 "," 1,261 ", 918 ," 1,216 "," 1,241 "," 1,067 "," 1,148 ", 996 ," 1,300 "," 1,244 "," 1,205 "," 1,287 "," 1,296 "," 1,959 "," 1,922 "," 1,975 "," 2,441 "," 3,289 "," 3,002 "," 3,155 "," 3,230 "," 3,341 "," 2,994 "," 2,993 "," 2,106 "," 2,125 "," 1,920 "," 1,995 "," 1,810 "," 1,746 "," 1,687 "," 2,058 "," 2,757 "," 3,524 "," 2,768 "," 2,446 "," 3,122 "," 2,668 "," 2,823 "," 2,787 "," 2,609 "," 2,760 "," 3,723 "," 3,781 "," 3,846 "
B.1.8.1. Live animals other than in B 1.6.,,,, -   , -   , -   , -   , -   , -   , -   , -   , -   , -   , -   , -   , -   , -   , -   , -   , -   , -   , -   , -   , -   , -   , -   , -   , -   , -   , -   , -   , -   , -   , -   , -   , -   , -   , -   , -   , -   , -   , -   , -   , -   , -   , -   , -   , -   , -   , -   
B.1.8.2. Meat and meat preparations,,,, 21 , -   , -   , -   , 1 , -   , -   , -   , -   , -   , 16 , 6 , -   , 1 , -   , -   , -   , 1 , 1 , 3 , -   , -   , 1 , -   , -   , 2 , 1 , 1 , 2 , 7 , 5 , 7 , 5 , 21 , 53 , 77 , 121 , 111 , 155 , 97 , 223 , 194 , 288 , 307 , 963 ," 1,066 "," 1,204 "
"B.1.8.3. Dairy products, birds eggs, and honey",,,, 3 , -   , -   , -   , 1 , 1 , -   , -   , -   , -   , 7 , 7 , 1 , 2 , 5 , 9 , 14 , 16 , 11 , 33 , 19 , 7 , 8 , 13 , 12 , 9 , 28 , 44 , 48 , 122 , 122 , 102 , 88 , 222 , 300 , 308 , 290 , 348 , 775 , 540 , 403 , 446 , 422 , 574 , 670 , 713 , 584 
"B.1.8.4. Other products from animals (animal fibres, skins, furs, leather etc.)",,,, 476 , 875 ," 1,041 "," 1,261 ", 916 ," 1,215 "," 1,241 "," 1,067 "," 1,148 ", 996 ," 1,277 "," 1,231 "," 1,204 "," 1,284 "," 1,291 "," 1,950 "," 1,908 "," 1,958 "," 2,429 "," 3,253 "," 2,983 "," 3,148 "," 3,221 "," 3,328 "," 2,982 "," 2,982 "," 2,077 "," 2,080 "," 1,870 "," 1,866 "," 1,683 "," 1,637 "," 1,594 "," 1,815 "," 2,404 "," 3,139 "," 2,357 "," 1,987 "," 2,192 "," 2,031 "," 2,197 "," 2,147 "," 1,899 "," 1,879 "," 2,090 "," 2,002 "," 2,058 "
B.1.9. Products mainly from biomass,,,," 3,315 "," 3,116 "," 3,267 "," 3,275 "," 3,806 "," 3,660 "," 3,021 "," 3,434 "," 4,338 "," 4,169 "," 4,857 "," 4,880 "," 5,364 "," 5,211 "," 5,537 "," 5,866 "," 6,845 "," 7,057 "," 7,892 "," 8,868 "," 9,292 "," 9,061 "," 9,865 "," 11,243 "," 11,586 "," 15,055 "," 12,824 "," 14,652 "," 15,932 "," 16,446 "," 15,923 "," 14,393 "," 14,642 "," 16,305 "," 17,419 "," 18,278 "," 20,383 "," 22,967 "," 21,231 "," 21,610 "," 20,599 "," 21,757 "," 23,638 "," 25,420 "," 25,909 "," 28,309 "," 28,303 "
"B.2. Metal ores and concentrates, processed metals",,,," 45,602 "," 60,603 "," 59,502 "," 68,085 "," 66,109 "," 76,033 "," 71,696 "," 107,189 "," 145,687 "," 197,358 "," 158,319 "," 271,983 "," 359,370 "," 301,834 "," 242,405 "," 261,159 "," 280,387 "," 295,531 "," 309,607 "," 304,153 "," 277,525 "," 297,286 "," 308,696 "," 358,530 "," 314,549 "," 363,633 "," 354,483 "," 322,709 "," 322,807 "," 363,493 "," 382,693 "," 313,403 "," 329,956 "," 408,017 "," 424,553 "," 400,417 "," 675,196 "," 770,703 "," 737,418 "," 793,009 "," 844,783 "," 840,084 "," 938,362 "," 963,160 "," 1,259,872 "," 1,416,666 "," 2,318,787 "
"B.2.1. Iron ores and concentrates, iron and steel",,,," 21,049 "," 26,626 "," 25,471 "," 31,206 "," 29,272 "," 33,322 "," 29,512 "," 24,668 "," 30,507 "," 31,333 "," 32,435 "," 39,856 "," 46,627 "," 36,649 "," 35,992 "," 42,425 "," 44,367 "," 52,609 "," 58,184 "," 60,813 "," 55,319 "," 53,104 "," 56,973 "," 62,612 "," 66,250 "," 65,669 "," 71,484 "," 55,909 "," 52,579 "," 58,231 "," 52,273 "," 55,510 "," 48,324 "," 52,177 "," 69,389 "," 73,924 "," 78,172 "," 77,197 "," 93,192 "," 100,106 "," 77,922 "," 90,406 "," 119,167 "," 138,981 "," 149,472 "," 156,635 "," 135,999 "
"B.2.2. non-ferrous metal ores and concentrates, processed metals",,,," 1,225 "," 1,154 "," 1,126 "," 1,115 "," 1,162 ", 951 ," 1,258 "," 45,979 "," 59,837 "," 94,740 "," 60,707 "," 141,610 "," 200,081 "," 173,565 "," 135,720 "," 119,886 "," 148,282 "," 149,561 "," 152,571 "," 141,490 "," 122,703 "," 149,844 "," 156,925 "," 204,751 "," 148,497 "," 150,619 "," 147,445 "," 166,545 "," 165,843 "," 193,652 "," 212,425 "," 164,826 "," 175,982 "," 236,444 "," 213,979 "," 165,265 "," 387,248 "," 471,769 "," 414,910 "," 472,693 "," 552,091 "," 508,387 "," 539,338 "," 450,486 "," 690,649 "," 824,837 "," 1,627,958 "
B.2.2.1. Copper,,,, 288 , 276 , 224 , 265 , 236 , 235 , 142 , 112 , 136 , 194 , 153 , 137 , 119 , 127 , 153 , 227 , 156 , 160 , 185 , 194 , 207 , 165 , 216 , 202 , 223 , 222 , 618 , 551 , 534 , 347 , 413 , 258 , 197 , 204 , 241 , 250 , 308 , 259 , 311 , 264 , 338 , 309 , 425 ," 2,121 "," 4,901 ", 576 , 272 
B.2.2.2. Nickel,,,, 5 , 0 , 1 , 2 , 1 , 2 , 2 , 11 , 8 , 2 , 10 , 2 , 1 , 6 , 2 , 4 , 2 , 6 , 1 , 1 , 1 , 1 , 1 , 1 , 3 , 2 , 0 , 0 , 1 , 1 , 0 , 1 , 2 , 1 , 2 , 2 , 1 , 1 , 0 , 1 , 1 , 1 , 1 , 1 , 1 , 14 , 11 
B.2.2.3. Lead,,,, 312 , 356 , 409 , 375 , 304 , 267 , 187 , 177 , 226 , 224 , 173 , 161 , 131 , 64 , 114 , 161 , 361 , 208 , 299 , 285 , 321 , 168 , 61 , 124 , 277 , 354 , 222 , 182 , 157 , 136 , 118 , 126 , 115 , 187 , 183 , 122 , 138 , 158 , 99 , 164 , 72 , 68 , 48 , 6 , 11 , 7 , 2 
B.2.2.4. Zinc,,,, 86 , 73 , 91 , 84 , 70 , 81 , 79 , 79 , 112 , 102 , 173 , 101 , 90 , 89 , 81 , 151 , 158 , 83 , 106 , 116 , 97 , 82 , 104 , 117 , 112 , 117 , 187 , 157 , 200 , 192 , 180 , 169 , 192 , 181 , 233 , 243 , 240 , 225 , 285 , 287 , 167 , 289 , 270 , 266 , 738 , 245 , 241 
B.2.2.5. Tin,,,, 56 , 20 , 15 , 18 , 17 , 14 , 15 , 13 , 12 , 15 , 16 , 12 , 10 , 10 , 12 , 11 , 8 , 9 , 11 , 9 , 9 , 6 , 8 , 9 , 10 , 5 , 4 , 4 , 32 , 7 , 3 , 3 , 4 , 4 , 4 , 4 , 4 , 4 , 4 , 3 , 3 , 3 , 96 , 105 , 12 , 2 , 1 
"B.2.2.6. Gold, silver, platinum and other precious metals",,,, 1 , 1 , 1 , 1 , -   , -   , -   , -   , -   , -   , -   , -   , -   , -   , -   , 0 , 0 , 0 , 0 , -   , -   , -   , -   , -   , -   , -   , 0 , -   , 0 , 0 , -   , -   , -   , -   , 0 , -   , 0 , 0 , -   , 1 , 1 , 1 , 1 , 1 , 1 , 268 , 97 
B.2.2.7. Aluminium,,,, 473 , 423 , 382 , 365 , 482 , 334 , 830 ," 45,513 "," 59,301 "," 94,183 "," 59,984 "," 141,195 "," 199,725 "," 173,196 "," 135,338 "," 119,329 "," 147,579 "," 149,081 "," 151,954 "," 140,886 "," 122,039 "," 149,359 "," 156,231 "," 204,187 "," 147,606 "," 149,813 "," 146,293 "," 165,199 "," 164,582 "," 192,685 "," 211,576 "," 164,033 "," 175,177 "," 235,626 "," 213,011 "," 164,176 "," 386,074 "," 470,890 "," 414,019 "," 471,732 "," 551,280 "," 507,346 "," 538,082 "," 447,608 "," 684,659 "," 823,027 "," 1,626,171 "
B.2.2.8. Uranium and thorium,,,, -   , -   , -   , 0 , -   , -   , -   , -   , -   , -   , -   , -   , -   , -   , -   , -   , -   , -   , -   , -   , -   , -   , -   , -   , -   , -   , -   , -   , -   , -   , -   , -   , -   , -   , -   , -   , -   , -   , -   , -   , -   , -   , -   , -   , -   , 14 , -   
B.2.2.9. Other metals,,,, 4 , 5 , 4 , 5 , 53 , 17 , 2 , 75 , 44 , 20 , 199 , 2 , 7 , 75 , 19 , 5 , 17 , 14 , 16 , 0 , 30 , 63 , 303 , 111 , 265 , 106 , 121 , 451 , 338 , 285 , 134 , 236 , 295 , 241 , 304 , 467 , 482 , 232 , 191 , 241 , 230 , 371 , 416 , 379 , 326 , 683 ," 1,163 "
B.2.3. Products mainly from metals,,,," 23,328 "," 32,823 "," 32,905 "," 35,764 "," 35,674 "," 41,760 "," 40,926 "," 36,542 "," 55,343 "," 71,285 "," 65,177 "," 90,517 "," 112,662 "," 91,619 "," 70,694 "," 98,848 "," 87,739 "," 93,361 "," 98,852 "," 101,850 "," 99,503 "," 94,338 "," 94,798 "," 91,168 "," 99,803 "," 147,345 "," 135,553 "," 100,255 "," 104,386 "," 111,610 "," 117,995 "," 93,067 "," 105,649 "," 119,396 "," 141,184 "," 161,228 "," 209,777 "," 221,736 "," 229,315 "," 220,209 "," 214,769 "," 241,290 "," 279,857 "," 373,693 "," 419,752 "," 435,194 "," 554,829 "
B.3. Non metalic minerals primary and processed,,,," 95,312 "," 95,665 "," 103,639 "," 106,370 "," 99,023 "," 108,989 "," 152,613 "," 140,641 "," 103,706 "," 130,430 "," 142,739 "," 132,005 "," 168,849 "," 206,852 "," 133,143 "," 150,862 "," 141,259 "," 164,743 "," 239,313 "," 244,760 "," 230,705 "," 252,893 "," 221,973 "," 284,476 "," 274,187 "," 258,858 "," 248,504 "," 306,633 "," 283,156 "," 248,051 "," 227,339 "," 254,154 "," 300,112 "," 275,178 "," 329,669 "," 274,250 "," 351,243 "," 344,546 "," 506,795 "," 451,385 "," 423,048 "," 487,105 "," 594,026 "," 742,283 "," 949,272 "," 855,866 "," 697,199 "
B.3.1. Ornamental or building stone,,,, -   , 13 , 36 , 51 , 81 , 152 , 71 , 44 , 63 , 173 , 55 , 87 , 117 , 71 , 26 , 69 , 54 , 56 , 74 , 117 , 116 , 111 , 600 ," 1,097 ", 213 , 217 , 228 , 367 , 476 , 789 , 556 , 317 , 296 , 227 , 327 , 358 , 307 , 774 , 739 , 957 ," 1,043 ", 840 ," 1,159 "," 1,303 "," 1,186 ", 891 , 919 
"B.3.2. Limestone, gypsum, chalk, and dolomite",,,, 935 ," 4,612 "," 9,792 "," 4,184 "," 3,038 "," 4,947 "," 6,959 "," 6,297 "," 2,874 "," 6,079 "," 6,505 "," 9,167 "," 9,134 "," 11,166 "," 6,903 "," 9,037 "," 7,541 "," 3,577 "," 9,517 "," 8,382 "," 3,855 "," 8,269 "," 5,350 "," 7,385 "," 4,710 "," 6,835 "," 10,134 "," 5,752 "," 6,460 "," 6,219 "," 6,142 "," 3,650 "," 4,578 "," 4,618 "," 4,239 "," 6,405 "," 8,266 "," 9,324 "," 9,678 "," 9,010 "," 5,165 "," 9,026 "," 12,721 "," 11,816 "," 13,905 "," 17,157 "," 13,891 "
B.3.3. Slate,,,, -   , -   , -   , -   , -   , -   , -   , -   , -   , -   , -   , -   , -   , -   , -   , -   , -   , -   , -   , -   , -   , -   , -   , -   , -   , -   , -   , -   , -   , -   , -   , -   , -   , -   , -   , -   , -   , -   , -   , -   , -   , -   , -   , -   , -   , -   , -   
B.3.4. Gravel and sand,,,, 166 , 135 , 72 , 125 , 86 , 78 , 50 , 140 , 121 , 188 , 280 , 207 , 212 , 340 ," 3,143 ", 618 , 687 , 550 , 589 , 666 ," 4,957 ", 553 , 656 ," 8,979 ", 466 ," 12,792 ", 467 ," 9,927 "," 14,512 "," 6,034 "," 12,982 "," 28,066 "," 23,461 "," 10,573 "," 52,824 "," 26,338 "," 35,536 "," 56,112 "," 85,690 "," 56,258 "," 34,770 "," 35,655 "," 78,679 "," 179,497 "," 286,050 "," 169,692 "," 126,599 "
B.3.5. Clays and kaolin,,,, 779 ," 1,197 "," 1,746 "," 1,461 "," 1,465 "," 1,611 "," 2,500 "," 1,423 "," 1,909 "," 2,846 "," 1,505 "," 1,661 "," 1,802 "," 2,308 "," 3,007 "," 2,523 "," 2,802 "," 2,574 "," 4,228 "," 2,818 "," 3,482 "," 3,901 "," 3,215 "," 3,726 "," 4,123 "," 5,445 "," 5,540 "," 4,286 "," 4,092 "," 5,404 "," 4,495 "," 4,192 "," 4,430 "," 4,052 "," 5,795 "," 7,312 "," 8,735 "," 6,752 "," 8,028 "," 9,843 "," 8,465 "," 9,200 "," 10,447 "," 18,552 "," 28,170 "," 20,410 "," 12,348 "
B.3.6. Chemical and fertilizer minerals ,,,," 23,285 "," 23,554 "," 28,398 "," 31,083 "," 26,649 "," 29,592 "," 39,872 "," 35,031 "," 31,343 "," 41,411 "," 52,531 "," 34,697 "," 32,832 "," 37,126 "," 39,843 "," 43,278 "," 38,155 "," 43,088 "," 41,397 "," 51,712 "," 42,959 "," 46,618 "," 38,249 "," 23,581 "," 24,501 "," 20,456 "," 21,864 "," 22,685 "," 21,832 "," 28,815 "," 26,651 "," 19,803 "," 19,038 "," 23,462 "," 21,612 "," 17,044 "," 29,126 "," 28,487 "," 36,657 "," 40,538 "," 44,862 "," 37,254 "," 60,068 "," 42,481 "," 57,130 "," 61,370 "," 67,022 "
B.3.7. Salt,,,," 57,259 "," 54,911 "," 53,231 "," 52,059 "," 43,948 "," 43,189 "," 57,230 "," 47,770 "," 42,928 "," 52,017 "," 48,098 "," 35,792 "," 67,051 "," 56,829 "," 35,930 "," 48,912 "," 56,997 "," 49,242 "," 105,555 "," 77,810 "," 69,699 "," 80,733 "," 48,797 "," 71,526 "," 83,525 "," 103,442 "," 67,923 "," 130,608 "," 90,765 "," 68,650 "," 62,873 "," 57,010 "," 89,068 "," 95,194 "," 90,996 "," 87,194 "," 94,408 "," 88,912 "," 104,726 "," 95,441 "," 87,535 "," 97,642 "," 88,689 "," 108,821 "," 96,212 "," 100,169 "," 113,142 "
B.3.8. Other mining and quarrying products n.e.c.,,,," 9,021 "," 7,652 "," 6,667 "," 13,469 "," 18,977 "," 25,328 "," 42,278 "," 46,363 "," 20,519 "," 22,639 "," 29,025 "," 44,315 "," 50,967 "," 93,907 "," 38,537 "," 40,229 "," 28,176 "," 58,863 "," 70,805 "," 96,286 "," 97,618 "," 106,560 "," 117,517 "," 160,136 "," 150,137 "," 102,438 "," 134,868 "," 123,722 "," 137,779 "," 123,601 "," 105,521 "," 134,117 "," 152,143 "," 130,725 "," 147,549 "," 122,756 "," 167,461 "," 145,420 "," 251,977 "," 229,847 "," 232,408 "," 287,059 "," 331,514 "," 367,801 "," 453,333 "," 471,799 "," 351,008 "
"B.3.9. Excavated soil, only if used (e.g. for construction work)",,,, -   , -   , -   , -   , -   , -   , -   , -   , -   , -   , -   , -   , -   , -   , -   , -   , -   , -   , -   , -   , -   , -   , -   , -   , -   , -   , -   , -   , -   , -   , -   , -   , -   , -   , -   , -   , -   , -   , -   , -   , -   , -   , -   , -   , -   , -   , -   
B.3.10. Products mainly from non-metalic minerals,,,," 3,867 "," 3,590 "," 3,696 "," 3,939 "," 4,778 "," 4,093 "," 3,652 "," 3,574 "," 3,948 "," 5,077 "," 4,741 "," 6,079 "," 6,732 "," 5,106 "," 5,755 "," 6,196 "," 6,847 "," 6,794 "," 7,147 "," 6,969 "," 8,019 "," 6,148 "," 7,589 "," 8,045 "," 6,512 "," 7,234 "," 7,480 "," 9,285 "," 7,240 "," 8,540 "," 8,118 "," 6,999 "," 7,096 "," 6,327 "," 6,328 "," 6,842 "," 7,404 "," 8,766 "," 9,299 "," 9,491 "," 8,800 "," 10,428 "," 10,749 "," 12,011 "," 13,285 "," 14,379 "," 12,270 "
"B.4. Fossil energy carriers, primary and processed",,,," 391,840 "," 438,148 "," 436,888 "," 491,334 "," 513,243 "," 508,462 "," 561,307 "," 470,511 "," 532,841 "," 552,558 "," 545,725 "," 688,708 "," 645,648 "," 575,180 "," 571,683 "," 643,007 "," 626,894 "," 686,579 "," 619,204 "," 621,515 "," 585,734 "," 571,231 "," 605,261 "," 658,640 "," 684,747 "," 726,220 "," 692,889 "," 773,289 "," 841,898 "," 732,944 "," 821,988 "," 807,347 "," 857,683 "," 854,017 "," 922,539 "," 930,197 "," 1,002,390 "," 1,038,394 "," 1,122,266 "," 1,036,617 "," 1,062,338 "," 1,029,316 "," 1,173,642 "," 1,169,657 "," 1,194,432 "," 1,299,234 "," 1,177,742 "
B.4.1. Brown coal incl. oil shale and tar sands,,,,,,,,,,,,,,,,,,,,,,,,,,,,,,,,,,,,,,,,,,,,,,,,,,
B.4.2. Hard coal,,,," 16,000 "," 11,000 "," 10,000 "," 9,000 "," 6,000 "," 5,000 "," 5,000 "," 2,000 "," 1,000 "," 1,000 "," 1,000 "," 1,000 ", 225 , 322 , 314 , 317 , 276 ," 22,000 "," 28,000 "," 50,000 "," 49,000 "," 69,000 "," 96,000 "," 103,000 "," 114,000 "," 92,000 "," 94,000 "," 98,000 "," 95,000 "," 97,000 "," 68,000 "," 68,000 "," 102,000 "," 83,000 "," 97,000 "," 85,000 "," 100,000 "," 87,000 "," 148,000 "," 140,000 "," 146,000 "," 138,000 "," 156,000 "," 150,000 "," 134,000 "," 172,000 "," 130,000 "
B.4.3. Petroleum,,,," 373,000 "," 424,000 "," 423,000 "," 478,000 "," 502,000 "," 498,000 "," 551,000 "," 462,000 "," 525,000 "," 544,000 "," 536,000 "," 678,000 "," 634,000 "," 565,000 "," 560,000 "," 630,000 "," 613,000 "," 649,000 "," 576,000 "," 557,000 "," 522,000 "," 488,000 "," 493,000 "," 537,000 "," 551,000 "," 612,000 "," 579,000 "," 658,000 "," 729,000 "," 619,000 "," 738,000 "," 723,000 "," 737,000 "," 752,000 "," 803,000 "," 822,000 "," 878,000 "," 928,000 "," 949,000 "," 871,000 "," 891,000 "," 864,000 "," 986,000 "," 983,000 "," 1,028,000 "," 1,096,000 "," 1,023,000 "
B.4.4. Natural gas,,,,,,,,,,,,,,,,,,,,,,,,,,,,,,,,,,,,,,,,,,,,,,,,,,
B.4.5. Peat,,,,,,,,,,,,,,,,,,,,,,,,,,,,,,,,,,,,,,,,,,,,,,,,,,
B.4.6. Products mainly from fossil energy carriers,,,," 2,840 "," 3,148 "," 3,888 "," 4,334 "," 5,243 "," 5,462 "," 5,307 "," 6,511 "," 6,841 "," 7,558 "," 8,725 "," 9,708 "," 11,423 "," 9,858 "," 11,369 "," 12,691 "," 13,618 "," 15,579 "," 15,204 "," 14,515 "," 14,734 "," 14,231 "," 16,261 "," 18,640 "," 19,747 "," 22,220 "," 19,889 "," 17,289 "," 17,898 "," 16,944 "," 15,988 "," 16,347 "," 18,683 "," 19,017 "," 22,539 "," 23,197 "," 24,390 "," 23,394 "," 25,266 "," 25,617 "," 25,338 "," 27,316 "," 31,642 "," 36,657 "," 32,432 "," 31,234 "," 24,742 "
B.5. Other products,,,," 13,307 "," 11,545 "," 11,539 "," 13,038 "," 14,549 "," 13,397 "," 11,597 "," 10,272 "," 11,391 "," 12,902 "," 13,690 "," 15,907 "," 18,424 "," 15,274 "," 16,486 "," 19,411 "," 21,940 "," 21,574 "," 23,428 "," 30,438 "," 27,415 "," 25,224 "," 26,965 "," 31,174 "," 33,515 "," 43,136 "," 42,253 "," 41,597 "," 42,568 "," 47,462 "," 46,268 "," 43,883 "," 45,407 "," 45,611 "," 51,619 "," 55,746 "," 60,714 "," 67,002 "," 73,196 "," 71,663 "," 68,241 "," 77,533 "," 88,608 "," 109,369 "," 114,778 "," 128,784 "," 107,409 "
B.6. Waste imported for final treatment and disposal,,,,,,,,,,,,,,,,,,,,,,,,,,,,,,,,,,,,,,,,,,,,,,,,,,
D.1. Biomass and biomass products,,,," 374,200 "," 409,776 "," 426,249 "," 469,563 "," 517,424 "," 401,702 "," 304,147 "," 349,410 "," 324,022 "," 281,593 "," 291,372 "," 334,148 "," 313,976 "," 380,412 "," 341,156 "," 410,975 "," 500,750 "," 579,442 "," 565,483 "," 508,454 "," 377,687 "," 345,773 "," 499,082 "," 712,341 "," 734,253 "," 664,249 "," 712,323 "," 675,606 "," 632,289 "," 482,245 "," 579,958 "," 647,587 "," 655,257 "," 629,248 "," 794,977 "," 802,689 "," 726,994 "," 702,116 "," 740,285 "," 791,281 "," 814,175 "," 818,880 "," 838,015 "," 768,701 "," 680,106 "," 641,591 "," 726,867 "
D.1.1. primary crops,,,, 324 , 13 , 141 , 150 , 104 , 47 , 30 , 8 , 10 , 12 , 25 , 11 , 1 , 3 , 3 , 17 , 2 , 3 , 5 , 34 , 26 , 27 , 13 , 11 , 13 , 873 , 18 , 24 , 64 , 447 , 135 , 128 , 944 ," 2,650 ", 366 , 533 , 752 , 817 , 373 , 345 , 387 , 399 , 476 , 343 , 229 , 392 , 338 
"D.1.1.1. Cereals, primary and processed",,,, 24 , 12 , 5 , 2 , 3 , 2 , 2 , 2 , 3 , 6 , 5 , 5 , -   , -   , -   , 4 , 2 , 3 , 2 , 2 , 12 , 13 , 8 , 6 , 9 , 8 , 1 , 5 , 21 , 3 , 10 , 15 , 713 ," 1,409 ", 43 , 20 , 87 , 10 , 38 , 119 , 106 , 140 , 189 , 123 , 96 , 163 , 24 
"D.1.1.2. Roots and tubers, primary and processed",,,, -   , -   , -   , -   , -   , -   , -   , -   , -   , -   , -   , -   , -   , -   , -   , -   , -   , -   , -   , -   , -   , -   , -   , -   , -   , -   , -   , -   , -   , -   , -   , -   , -   , -   , -   , -   , -   , -   , -   , -   , -   , -   , -   , -   , -   , -   , -   
"D.1.1.3. Sugar crops, primary and processed",,,, -   , -   , -   , -   , -   , -   , -   , 1 , 1 , -   , -   , -   , -   , -   , -   , 1 , -   , -   , 2 , -   , 13 , 12 , 3 , -   , 4 , 4 , 7 , 12 , 24 , 30 , 40 , 23 , 54 , 67 , 77 , 62 , 70 , 97 , 84 , 52 , 67 , 64 , 68 , 52 , 79 , 82 , 100 
"D.1.1.4. Pulses, primary and processed",,,, -   , -   , -   , -   , -   , -   , -   , -   , -   , -   , -   , -   , -   , -   , -   , -   , -   , -   , -   , -   , -   , -   , -   , -   , -   , -   , -   , -   , -   , -   , -   , -   , -   , -   , -   , -   , -   , -   , -   , -   , -   , -   , -   , -   , -   , -   , -   
"D.1.1.5. Nuts, primary and processed",,,, -   , -   , -   , -   , -   , -   , -   , -   , -   , -   , -   , -   , -   , -   , -   , -   , -   , -   , -   , -   , -   , -   , -   , -   , -   , -   , -   , -   , -   , -   , -   , -   , -   , -   , -   , -   , -   , -   , -   , -   , -   , -   , -   , -   , -   , -   , -   
"D.1.1.6. Oil bearing crops, primary and processed",,,, -   , -   , -   , -   , -   , -   , -   , -   , -   , -   , -   , -   , -   , -   , -   , -   , -   , -   , -   , -   , -   , -   , -   , -   , -   , -   , -   , -   , -   , -   , -   , -   , -   , -   , -   , -   , 1 , -   , -   , -   , -   , -   , -   , -   , -   , -   , -   
"D.1.1.7. Vegetables, primary and processed",,,, 300 , -   , -   , -   , -   , -   , -   , -   , -   , -   , 20 , -   , -   , -   , -   , 10 , -   , -   , -   , 25 , -   , -   , -   , -   , -   , -   , 4 , -   , 1 , 4 , 3 , 7 , 54 ," 1,062 ", 146 , 99 , 105 , 422 , 33 , 4 , 8 , 13 , 29 , 11 , 2 , 17 , 24 
"D.1.1.8. Fruits, primary and processed",,,, -   , -   , -   , -   , -   , -   , -   , -   , -   , -   , -   , -   , -   , -   , -   , -   , -   , -   , -   , -   , -   , -   , -   , -   , -   , 861 , 6 , 7 , 18 , 409 , 78 , 71 , 103 , 85 , 53 , 295 , 446 , 277 , 205 , 162 , 191 , 170 , 174 , 141 , 15 , 88 , 106 
"D.1.1.9. Fibres, primary and processed",,,, -   , -   , 128 , 139 , 91 , 39 , 23 , -   , -   , -   , -   , -   , -   , -   , -   , -   , -   , -   , -   , -   , -   , -   , -   , -   , -   , -   , -   , -   , -   , -   , -   , -   , -   , -   , -   , -   , -   , -   , -   , -   , -   , -   , -   , -   , -   , -   , -   
"D.1.1.10. Other crops (Spices. Stimulant crops, Tobacco, Rubber and other crops), primary and processed",,,, -   , 1 , 8 , 9 , 10 , 6 , 5 , 5 , 6 , 6 , -   , 6 , 1 , 3 , 3 , 2 , -   , -   , 1 , 7 , 1 , 2 , 2 , 5 , -   , -   , -   , -   , -   , 1 , 4 , 12 , 20 , 27 , 47 , 57 , 43 , 11 , 13 , 8 , 15 , 12 , 16 , 16 , 37 , 42 , 84 
D.1.2. Crop residues ,,,, -   , -   , -   , -   , -   , -   , -   , -   , -   , -   , -   , -   , -   , -   , -   , -   , -   , -   , -   , -   , -   , -   , -   , -   , -   , -   , -   , -   , -   , -   , -   , -   , -   , -   , -   , -   , -   , -   , -   , -   , -   , -   , -   , -   , -   , -   , -   
D.1.2.1. n.a.,,,,,,,,,,,,,,,,,,,,,,,,,,,,,,,,,,,,,,,,,,,,,,,,,,
"D.1.2.2. Other crop residues (sugar and fodder beet leaves, other)",,,,,,,,,,,,,,,,,,,,,,,,,,,,,,,,,,,,,,,,,,,,,,,,,,
D.1.3. Fodder crops incl. grassland harvest,,,, -   , -   , -   , -   , -   , -   , -   , -   , -   , 9 , -   , -   , -   , 2 , 22 , 38 , 445 , 136 , 574 , 84 , 85 , 136 ," 1,335 "," 5,333 "," 10,287 "," 11,195 "," 15,623 "," 18,478 "," 17,173 "," 12,662 "," 4,437 "," 4,977 "," 5,072 "," 11,347 "," 5,059 "," 4,866 "," 5,058 "," 6,728 "," 3,104 "," 1,458 ", 732 , 226 , 387 , 429 ," 2,100 "," 1,833 "," 4,307 "
D.1.3.1. Fodder crops,,,, -   , -   , -   , -   , -   , -   , -   , -   , -   , 9 , -   , -   , -   , 2 , 22 , 38 , 445 , 136 , 574 , 84 , 85 , 136 ," 1,335 "," 5,333 "," 10,287 "," 11,195 "," 15,623 "," 18,478 "," 17,173 "," 12,662 "," 4,437 "," 4,977 "," 5,072 "," 11,347 "," 5,059 "," 4,866 "," 5,058 "," 6,728 "," 3,104 "," 1,458 ", 732 , 226 , 387 , 429 ," 2,100 "," 1,833 "," 4,307 "
D.1.3.2. Biomass harvested from grassland,,,,,,,,,,,,,,,,,,,,,,,,,,,,,,,,,,,,,,,,,,,,,,,,,,
D.1.5. Wood primary and processed,,,, -   , -   , -   , -   , -   , -   , -   , 8 , 0 , 0 , 3 , 5 , 0 , -   , 1 , 0 , -   , 1 , 1 , 3 , -   , 5 , 37 , 80 , 60 , 58 , 116 , 85 , 85 , 113 , 109 , 193 , 726 ," 1,129 ", 300 , 655 , 636 , 773 , 913 , 343 , 198 , 572 , 439 , 478 , 846 ," 3,211 "," 2,155 "
"D.1.5.1. Timber, primary and processed",,,, -   , -   , -   , -   , -   , -   , -   , -   , -   , -   , -   , -   , -   , -   , -   , -   , -   , -   , -   , -   , -   , -   , -   , -   , -   , -   , 2 , -   , -   , 5 , -   , 96 , 167 , 679 , 1 , 199 , 354 , 332 , 251 , 8 , 22 , 247 , 5 , 47 , 26 , 21 , 4 
"D.1.5.2. Wood fuel and other extraction, primary and processed",,,, -   , -   , -   , -   , -   , -   , -   , 8 , 0 , 0 , 3 , 5 , 0 , -   , 1 , 0 , -   , 1 , 1 , 3 , -   , 5 , 37 , 80 , 60 , 58 , 115 , 85 , 85 , 107 , 109 , 97 , 559 , 450 , 299 , 456 , 282 , 442 , 662 , 335 , 176 , 324 , 434 , 430 , 819 ," 3,190 "," 2,150 "
"D.1.6. Fish capture, crustaceans, molluscs and aquatic invertebrates primary and processed",,,," 362,754 "," 399,974 "," 414,227 "," 460,000 "," 507,383 "," 387,622 "," 290,634 "," 334,460 "," 314,171 "," 272,515 "," 280,579 "," 324,118 "," 302,342 "," 367,663 "," 328,340 "," 398,236 "," 487,167 "," 563,989 "," 548,158 "," 493,450 "," 365,218 "," 332,480 "," 485,768 "," 694,231 "," 714,955 "," 641,890 "," 689,425 "," 649,300 "," 607,227 "," 460,817 "," 566,674 "," 632,659 "," 632,339 "," 604,210 "," 777,675 "," 788,751 "," 712,805 "," 684,648 "," 725,501 "," 779,022 "," 804,195 "," 808,958 "," 827,538 "," 754,514 "," 661,197 "," 619,534 "," 696,897 "
D.1.7. n.a.,,,, -   , -   , -   , -   , -   , -   , -   , -   , -   , -   , -   , -   , -   , -   , -   , -   , -   , -   , -   , -   , -   , -   , -   , -   , -   , -   , -   , -   , -   , -   , -   , -   , -   , -   , -   , -   , -   , -   , -   , -   , -   , -   , -   , -   , -   , -   , -   
"D.1.8. Live animals other than in 1.6., meat and meat products",,,," 11,122 "," 9,786 "," 11,878 "," 9,408 "," 9,933 "," 14,024 "," 13,482 "," 14,928 "," 9,840 "," 9,055 "," 10,762 "," 10,003 "," 11,621 "," 12,737 "," 12,785 "," 12,678 "," 13,128 "," 15,305 "," 16,735 "," 14,877 "," 12,351 "," 13,121 "," 11,924 "," 12,649 "," 8,401 "," 10,178 "," 5,956 "," 4,797 "," 4,683 "," 4,443 "," 4,329 "," 3,101 "," 3,703 "," 3,408 "," 5,220 "," 3,210 "," 3,315 "," 4,372 "," 5,004 "," 6,030 "," 6,148 "," 5,507 "," 6,144 "," 5,203 "," 5,471 "," 4,531 "," 6,644 "
D.1.8.1. Live animals other than in 1.6.,,,, -   , -   , -   , -   , -   , -   , -   , -   , -   , -   , -   , -   , -   , -   , -   , -   , -   , -   , -   , -   , -   , -   , -   , -   , -   , -   , -   , -   , -   , -   , -   , -   , -   , -   , -   , -   , -   , -   , -   , -   , -   , -   , -   , -   , -   , -   , -   
D.1.8.2. Meat and meat preparations,,,," 6,794 "," 6,035 "," 6,674 "," 6,059 "," 4,945 "," 9,827 "," 8,442 "," 11,834 "," 6,745 "," 6,003 "," 7,782 "," 7,025 "," 8,267 "," 9,081 "," 10,899 "," 9,927 "," 9,641 "," 10,306 "," 11,260 "," 10,366 "," 8,570 "," 8,582 "," 8,126 "," 7,310 "," 4,577 "," 6,344 "," 2,198 "," 2,175 "," 2,732 "," 2,255 "," 1,991 "," 1,161 "," 1,578 "," 1,474 "," 3,313 "," 1,386 "," 1,292 "," 1,451 "," 2,108 "," 2,340 "," 3,501 "," 3,101 "," 2,995 "," 2,166 "," 1,556 "," 1,422 "," 2,532 "
"D.1.8.3. Dairy products, birds eggs, and honey",,,, 650 , 649 ," 1,881 "," 1,147 "," 1,904 "," 1,076 "," 1,045 ", 586 ," 1,393 "," 2,012 "," 1,475 "," 1,513 "," 1,682 "," 1,144 ", 417 ," 1,232 "," 2,084 "," 2,899 "," 2,014 "," 1,282 "," 1,073 ", 586 ," 1,006 "," 1,909 "," 1,724 "," 1,087 ", 788 , 389 , 194 , 701 , 644 , 45 , 493 , 197 , 289 , 355 , 403 , 932 , 762 , 659 , 640 , 791 , 646 , 711 , 591 ," 1,088 "," 1,838 "
"D.1.8.4. Other products from animals (animal fibres, skins, furs, leather etc.)",,,," 3,678 "," 3,102 "," 3,323 "," 2,202 "," 3,084 "," 3,121 "," 3,995 "," 2,508 "," 1,702 "," 1,040 "," 1,505 "," 1,465 "," 1,672 "," 2,512 "," 1,469 "," 1,519 "," 1,403 "," 2,100 "," 3,461 "," 3,229 "," 2,708 "," 3,953 "," 2,792 "," 3,430 "," 2,100 "," 2,747 "," 2,970 "," 2,233 "," 1,757 "," 1,487 "," 1,694 "," 1,895 "," 1,632 "," 1,737 "," 1,618 "," 1,469 "," 1,620 "," 1,989 "," 2,134 "," 3,031 "," 2,007 "," 1,615 "," 2,503 "," 2,326 "," 3,324 "," 2,021 "," 2,274 "
D.1.9. Products mainly from biomass,,,, -   , 3 , 3 , 5 , 4 , 9 , 1 , 6 , 1 , 1 , 3 , 10 , 11 , 7 , 5 , 6 , 8 , 8 , 10 , 6 , 7 , 3 , 5 , 36 , 537 , 55 ," 1,185 "," 2,922 "," 3,057 "," 3,764 "," 4,275 "," 6,529 "," 12,472 "," 6,504 "," 6,357 "," 4,674 "," 4,428 "," 4,778 "," 5,390 "," 4,084 "," 2,515 "," 3,219 "," 3,032 "," 7,734 "," 10,263 "," 12,090 "," 16,526 "
"D.2. Metal ores and concentrates, processed metals",,,," 2,880 "," 4,139 "," 12,627 "," 4,460 "," 19,836 "," 7,503 "," 8,291 "," 24,784 "," 42,933 "," 21,998 "," 64,767 "," 92,721 "," 82,070 "," 48,728 "," 87,460 "," 85,389 "," 88,601 "," 96,752 "," 106,770 "," 102,322 "," 118,643 "," 172,199 "," 154,934 "," 143,427 "," 157,377 "," 176,132 "," 172,496 "," 176,657 "," 166,352 "," 156,056 "," 164,897 "," 193,316 "," 205,878 "," 203,528 "," 212,128 "," 237,505 "," 263,395 "," 334,360 "," 362,288 "," 442,013 "," 458,964 "," 474,525 "," 462,023 "," 469,040 "," 456,080 "," 665,270 "," 1,065,773 "
"D.2.1. Iron ores and concentrates, iron and steel",,,," 2,687 "," 2,319 "," 3,274 "," 1,238 "," 1,421 "," 1,773 "," 2,978 "," 3,625 "," 4,821 "," 1,157 "," 1,723 "," 3,345 "," 5,276 "," 3,455 "," 2,992 "," 2,323 "," 8,842 "," 15,882 "," 28,215 "," 35,207 "," 45,656 "," 59,506 "," 67,036 "," 63,082 "," 67,516 "," 79,324 "," 77,762 "," 67,855 "," 71,589 "," 63,356 "," 64,448 "," 80,086 "," 93,517 "," 89,226 "," 85,409 "," 102,461 "," 88,368 "," 91,852 "," 129,304 "," 159,575 "," 152,283 "," 167,252 "," 167,595 "," 162,559 "," 132,580 "," 185,526 "," 169,287 "
"D.2.2. non-ferrous metal ores and concentrates, processed metals",,,, 190 , 150 , 166 , 277 , 322 , 418 , 510 ," 11,327 "," 34,669 "," 17,185 "," 59,871 "," 80,596 "," 63,561 "," 44,212 "," 79,300 "," 74,700 "," 77,756 "," 76,591 "," 67,654 "," 63,753 "," 61,971 "," 107,517 "," 80,399 "," 71,498 "," 78,125 "," 89,940 "," 81,917 "," 90,358 "," 87,461 "," 87,674 "," 91,518 "," 94,082 "," 104,181 "," 104,073 "," 107,339 "," 124,607 "," 167,403 "," 227,171 "," 216,498 "," 266,882 "," 289,235 "," 291,592 "," 280,526 "," 286,080 "," 308,362 "," 450,892 "," 773,961 "
D.2.2.1. Copper,,,, -   , -   , -   , -   , -   , -   , -   , -   , -   , -   , -   , -   , -   , -   , -   , -   , -   , -   , -   , -   , -   , -   , -   , -   , -   , -   , -   , 6 , 6 , 5 , 10 , 34 , 22 , 14 , 12 , 27 , 25 , 26 , 46 , 121 , 78 , 231 , 219 , 234 , 18 , 56 , 46 
D.2.2.2. Nickel,,,, -   , -   , -   , -   , -   , -   , -   , -   , -   , -   , -   , -   , -   , -   , -   , -   , -   , -   , -   , -   , -   , -   , -   , -   , -   , -   , -   , -   , -   , -   , -   , -   , -   , -   , -   , -   , -   , -   , -   , -   , -   , -   , -   , -   , -   , 5 , -   
D.2.2.3. Lead,,,, -   , -   , -   , -   , -   , -   , -   , -   , -   , -   , -   , -   , -   , -   , -   , -   , -   , -   , -   , -   , -   , -   , -   , -   , -   , -   , -   , -   , -   , -   , -   , -   , -   , -   , -   , -   , -   , -   , -   , 0 , -   , -   , 3 , 8 , -   , -   , -   
D.2.2.4. Zinc,,,, -   , -   , -   , -   , -   , -   , -   , -   , -   , -   , -   , -   , -   , -   , -   , -   , -   , -   , -   , -   , -   , -   , -   , -   , -   , -   , -   , -   , -   , -   , 62 , -   , 43 , 21 , 23 , 21 , -   , 0 , 46 , -   , 49 , 30 , -   , -   , 62 , 32 , -   
D.2.2.5. Tin,,,, -   , -   , -   , -   , -   , -   , -   , -   , -   , -   , -   , -   , -   , -   , -   , -   , -   , -   , -   , -   , -   , -   , -   , -   , -   , -   , -   , -   , -   , -   , -   , -   , -   , -   , -   , -   , 0 , -   , -   , -   , -   , -   , 3 , 3 , 1 , -   , -   
"D.2.2.6. Gold, silver, platinum and other precious metals",,,, -   , -   , -   , -   , -   , -   , -   , -   , -   , -   , -   , -   , -   , -   , -   , -   , -   , -   , -   , -   , -   , -   , -   , -   , -   , -   , -   , 0 , -   , -   , -   , -   , -   , -   , -   , -   , -   , -   , -   , 0 , 0 , 0 , -   , 0 , 0 , 0 , 6 
D.2.2.7. Aluminium,,,, -   , -   , -   , -   , -   , -   , -   ," 10,536 "," 33,520 "," 16,718 "," 59,237 "," 79,843 "," 63,071 "," 43,636 "," 78,615 "," 74,245 "," 77,350 "," 76,225 "," 67,318 "," 63,188 "," 61,531 "," 106,904 "," 79,928 "," 70,600 "," 77,490 "," 89,081 "," 81,373 "," 89,656 "," 86,392 "," 86,268 "," 90,497 "," 91,805 "," 100,570 "," 99,663 "," 101,126 "," 119,813 "," 162,058 "," 221,455 "," 209,738 "," 257,998 "," 282,571 "," 286,079 "," 278,095 "," 283,673 "," 303,452 "," 446,406 "," 761,204 "
D.2.2.8. Uranium and thorium,,,, -   , -   , -   , -   , -   , -   , -   , -   , -   , -   , -   , -   , -   , -   , -   , -   , -   , -   , -   , -   , -   , -   , -   , -   , -   , -   , -   , -   , -   , -   , -   , -   , -   , -   , -   , -   , -   , -   , -   , -   , -   , -   , -   , -   , -   , -   , -   
D.2.2.9. Other metals,,,, 190 , 150 , 166 , 277 , 322 , 418 , 510 , 791 ," 1,149 ", 466 , 634 , 754 , 490 , 576 , 684 , 456 , 407 , 365 , 336 , 566 , 440 , 614 , 471 , 898 , 635 , 858 , 544 , 696 ," 1,063 "," 1,402 ", 949 ," 2,243 "," 3,546 "," 4,375 "," 6,178 "," 4,746 "," 5,320 "," 5,690 "," 6,669 "," 8,763 "," 6,537 "," 5,252 "," 2,205 "," 2,162 "," 4,829 "," 4,394 "," 12,705 "
D.2.3. Products mainly from metals,,,, 2 ," 1,670 "," 9,186 "," 2,945 "," 18,093 "," 5,311 "," 4,803 "," 9,833 "," 3,443 "," 3,657 "," 3,173 "," 8,780 "," 13,234 "," 1,061 "," 5,169 "," 8,366 "," 2,003 "," 4,280 "," 10,900 "," 3,362 "," 11,015 "," 5,176 "," 7,500 "," 8,847 "," 11,735 "," 6,869 "," 12,817 "," 18,443 "," 7,303 "," 5,026 "," 8,930 "," 19,148 "," 8,180 "," 10,229 "," 19,381 "," 10,437 "," 7,624 "," 15,337 "," 16,486 "," 15,556 "," 17,446 "," 15,680 "," 13,902 "," 20,402 "," 15,137 "," 28,852 "," 122,525 "
D.3. Non metalic minerals primary and processed,,,," 20,105 "," 11,893 ", 0 , 0 , 0 , 0 ," 2,138 "," 18,968 "," 16,015 "," 22,426 "," 36,918 "," 39,907 "," 31,008 "," 23,823 "," 24,251 "," 28,593 "," 28,574 "," 45,761 "," 66,358 "," 53,807 "," 43,710 "," 69,855 "," 90,182 "," 85,102 "," 61,136 "," 82,922 "," 93,446 "," 83,110 "," 58,546 "," 60,369 "," 60,332 "," 61,366 "," 273,056 "," 338,916 "," 200,602 "," 184,874 "," 159,758 "," 115,073 "," 144,875 "," 88,378 "," 54,554 "," 53,391 "," 91,388 "," 85,482 "," 92,571 "," 143,863 "," 102,707 "
D.3.1. Ornamental or building stone,,,, -   , -   , -   , -   , -   , -   , -   , 2 , -   , -   , -   , -   , -   , -   , -   , -   , -   , -   , -   , -   , -   , 7 ," 7,154 "," 7,955 ", 591 , 271 , -   , 8 , -   , -   , -   , -   , -   , 69 , -   , 0 , 21 , 16 , 88 , 85 , -   , 75 , 2 , 39 , -   , 7 , 14 
"D.3.2. Limestone, gypsum, chalk, and dolomite",,,, -   , -   , -   , -   , -   , -   , -   , -   , -   , -   , -   , -   , -   , -   , -   , -   , -   , -   , -   , -   , -   , -   , -   , -   , -   , -   , -   , -   , -   , -   , -   , -   , -   , -   , -   , -   , -   , -   , -   , -   , -   , -   , -   , -   , -   , -   , -   
D.3.3. Slate,,,, -   , -   , -   , -   , -   , -   , -   , -   , -   , -   , -   , -   , -   , -   , -   , -   , -   , -   , -   , -   , -   , -   , -   , -   , -   , -   , -   , -   , -   , -   , -   , -   , -   , -   , -   , -   , -   , -   , -   , -   , -   , -   , -   , -   , -   , -   , -   
D.3.4. Gravel and sand,,,, -   , -   , -   , -   , -   , -   , -   , -   , -   , 1 , -   , -   , -   , -   , -   , -   , -   , -   , -   , -   , -   , -   , -   , -   , -   , -   , 352 , 380 , 719 , 433 , 603 , 707 ," 13,805 ", 445 , 358 , 566 , 270 ," 1,993 ", 551 ," 1,078 "," 2,544 ", 996 ," 3,824 "," 1,082 "," 14,236 "," 35,965 "," 41,024 "
D.3.5. Clays and kaolin,,,, -   , -   , -   , -   , -   , -   , -   , -   , -   , -   , -   , -   , -   , -   , -   , -   , -   , -   , -   , -   , -   , -   , -   , -   , -   , -   , -   , -   , 40 , 30 , 5 , 23 , 0 , 1 , 1 , 2 , -   , 29 , 1 , 0 , 45 , 68 , 63 , 1 , 0 , 210 , -   
D.3.6. Chemical and fertilizer minerals ,,,, -   ," 3,489 ", -   , -   , -   , -   , -   , -   , -   , -   , -   , -   , -   , -   , -   , -   , -   , -   , -   , -   , -   , -   , -   , -   , 32 , 13 , -   , -   , 6 , -   , -   , -   , -   , 793 , 26 , 1 , 1 , -   , 4 , -   , 226 ," 3,232 ", 1 , 0 , 1 , 1 , -   
D.3.7. Salt,,,, -   , -   , -   , -   , -   , -   , -   , -   , -   , -   , -   , -   , -   , -   , -   , -   , -   , -   , -   , -   , -   , -   , -   , -   , -   , -   , -   , -   , -   , -   , -   , -   , -   , -   , -   , -   , -   , -   , -   , -   , -   , -   , -   , -   , -   , -   , -   
D.3.8. Other mining and quarrying products n.e.c.,,,," 20,105 "," 8,404 ", -   , -   , -   , -   ," 2,138 "," 18,964 "," 16,014 "," 22,420 "," 36,907 "," 39,877 "," 30,985 "," 23,804 "," 24,228 "," 28,575 "," 28,561 "," 45,755 "," 66,348 "," 53,786 "," 43,699 "," 69,836 "," 83,019 "," 77,139 "," 60,503 "," 82,626 "," 93,018 "," 82,716 "," 57,780 "," 59,905 "," 59,724 "," 60,636 "," 259,251 "," 337,599 "," 200,182 "," 184,268 "," 159,442 "," 113,005 "," 144,205 "," 87,201 "," 51,690 "," 49,007 "," 87,440 "," 84,350 "," 78,328 "," 107,614 "," 61,667 "
"D.3.9. Excavated soil, only if used (e.g. for construction work)",,,, -   , -   , -   , -   , -   , -   , -   , -   , -   , -   , -   , -   , -   , -   , -   , -   , -   , -   , -   , -   , -   , -   , -   , -   , -   , -   , -   , -   , -   , -   , -   , -   , -   , -   , -   , -   , -   , -   , -   , -   , -   , -   , -   , -   , -   , -   , -   
D.3.10. Products mainly from non-metalic minerals,,,, 0 , 0 , 0 , 0 , 0 , 0 , 0 , 1 , 1 , 5 , 11 , 30 , 23 , 19 , 24 , 18 , 13 , 6 , 11 , 20 , 11 , 12 , 9 , 7 , 11 , 12 , 77 , 6 , 1 , 0 , 1 , 0 , 0 , 10 , 35 , 36 , 24 , 29 , 25 , 14 , 50 , 13 , 58 , 10 , 6 , 67 , 1 
"D.4. Fossil energy carriers, primary and processed",,,, 118 , 194 , 264 , 218 , 53 , 58 , 52 , 29 , 11 , 3 , 51 , 46 , 36 , 39 , 58 , 37 , 57 , 133 , 139 , 210 , 134 , 221 , 257 , 241 , 276 , 496 , 205 , 211 , 901 , 988 ," 1,170 "," 1,461 "," 1,468 "," 1,412 "," 1,702 "," 1,663 "," 1,794 "," 1,935 "," 2,541 "," 2,374 "," 2,903 "," 2,847 "," 2,892 "," 3,380 "," 3,595 "," 4,958 "," 5,984 "
D.4.1. Brown coal incl. oil shale and tar sands,,,,,,,,,,,,,,,,,,,,,,,,,,,,,,,,,,,,,,,,,,,,,,,,,,
D.4.2. Hard coal,,,, -   , -   , -   , -   , -   , -   , -   , -   , -   , -   , -   , -   , -   , -   , -   , -   , -   , -   , -   , -   , -   , -   , -   , -   , -   , -   , -   , -   , -   , -   , -   , -   , -   , -   , -   , -   , -   , -   , -   , -   , -   , -   , -   , -   , -   , -   , -   
D.4.3. Petroleum,,,, -   , -   , -   , -   , -   , -   , -   , -   , -   , -   , -   , -   , -   , -   , -   , -   , -   , -   , -   , -   , -   , -   , -   , -   , -   , -   , -   , -   , -   , -   , -   , -   , -   , -   , -   , -   , -   , -   , -   , -   , -   , -   , -   , -   , -   , -   , -   
D.4.4. Natural gas,,,, -   , -   , -   , -   , -   , -   , -   , -   , -   , -   , -   , -   , -   , -   , -   , -   , -   , -   , -   , -   , -   , -   , -   , -   , -   , -   , -   , -   , -   , -   , -   , -   , -   , -   , -   , -   , -   , -   , -   , -   , -   , -   , -   , -   , -   , -   , -   
D.4.5. Peat,,,, -   , -   , -   , -   , -   , -   , -   , -   , -   , -   , -   , -   , -   , -   , -   , -   , -   , -   , -   , -   , -   , -   , -   , -   , -   , -   , -   , -   , -   , -   , -   , -   , -   , -   , -   , -   , -   , -   , -   , -   , -   , -   , -   , -   , -   , -   , -   
D.4.6. Products mainly from fossil energy carriers,,,, 118 , 194 , 264 , 218 , 53 , 58 , 52 , 29 , 11 , 3 , 51 , 46 , 36 , 39 , 58 , 37 , 57 , 133 , 139 , 210 , 134 , 221 , 257 , 241 , 276 , 496 , 205 , 211 , 901 , 988 ," 1,170 "," 1,461 "," 1,468 "," 1,412 "," 1,702 "," 1,663 "," 1,794 "," 1,935 "," 2,541 "," 2,374 "," 2,903 "," 2,847 "," 2,892 "," 3,380 "," 3,595 "," 4,958 "," 5,984 "
D.5. Other products,,,," 2,240 ", 509 , 810 , 801 ," 3,527 ", 581 , 888 ," 2,407 "," 2,550 "," 3,226 "," 4,260 "," 5,705 "," 6,592 "," 3,208 "," 8,657 "," 8,488 "," 7,424 "," 7,596 "," 8,977 "," 9,933 "," 8,205 "," 11,351 "," 10,323 "," 12,177 "," 11,863 "," 13,983 "," 9,624 "," 2,795 "," 1,929 "," 3,606 "," 4,105 "," 3,925 "," 7,280 "," 3,347 "," 4,328 "," 8,445 "," 11,107 "," 11,183 "," 35,053 "," 42,554 "," 46,284 "," 50,201 "," 41,997 "," 25,561 "," 23,306 "," 23,503 "," 22,130 "
